text,true_emotion,predicted_emotion
Sometimes I get mad over something so minuscule I try to ruin somebodies life not like lose your job like get you into federal prison #anger,anger,anger
#oow16 #sting decent new song,anger,joy
"@DxfyingGrxvity - frustration, looking up at Elphaba in a frown of aggravation. Her high pitched voice was growing more and more --",anger,anger
@danbloom1 beware the fury of a weak king,anger,anger
"[ @HedgehogDylan ] *she would frown a bit, folding her arms* 'why is it that every time I'm in need of assistance someone expects a lil **",anger,anger
"Why to have vanity sizes?Now sizes S,XS(evenXXS sometimes) are too big, WTF?! Dear corporate jerks, Lithuania didn't need this. #rant ",anger,anger
"I miss my gran singing Rawhide, in her deep baritone growl.",anger,sadness
"I think our defense here at USC is playing well, we just need to fix a few things on offense and we can win the PAC 12 this year'",anger,joy
Just joined #pottermore and was sorted into HUFFLEPUFF üò°üò°üò° #fuming,anger,anger
"Me being on my dean really saving a lot of ppl, bc I don't snap nomore &amp; it take so much out of me..",anger,sadness
Sorry guys I have absolutely no idea what time i'll be on cam tomorrow but will keep you posted. #fuming,anger,anger
@ArcticFantasy I would have almost took offense to this if I actually snapped you,anger,anger
"Note to self ~ Stop laughing at things that offend you, it's ok to get mad at people \n#NoteToSelf #offended #mad #upset",anger,anger
@TrueAggieFan oh so that's where Brian was! Where was my invite? ,anger,anger
@IllinoisLoyalty that Rutgers game was an abomination. An affront to God and man. We must never speak of it again.,anger,anger
Sting is just too damn earnest for early morning listening. ,anger,anger
"@marcavis @AntisocialJW2 I've always been fiery, but never radical.",anger,anger
@LiamCannon1 He's just too raging to type properly... Ha ha!,anger,anger
For the first time in my madden career I just set up a farm account. Should make MOTM much easier,anger,joy
"@reluctantnicko Don't ask, you don't get. Apologies if I've offended you. All due respect Alan, I think you've been fed duff info.",anger,anger
"Gahh...BT, in queue for 30 minutes.. Now put through to BT Sport dept to cancel... back in a queue again... #shocking",fear,anger
Hillary Clinton looked the other way to the Saudi war on women and their terror financing because they bought her off.,fear,anger
@CesarSampao @thisisbolton don't get me started on town centre. Used to go every week.... not been for 18 months ,fear,sadness
My Modern Proverb: 'Don't let anyone intimidate you about being single; most marriages end in divorce.',fear,joy
Nothing worse than an uber driver that can't drive. ,fear,anger
@mikefreemanNFL \nIsn't OBrien supposed to be some sort of offensive genius #awful,fear,anger
I don't want speak front to him   #nopanicattack,fear,fear
Bout ta get my @dontbreathe on up in here! @WarrenTheaters #nervous #icantholdmybreaththatlong,fear,fear
"#twitter #users Tweeting on twitter is like playing a game against the computer. Where's the life, Everyone too #afraid to say something?",fear,fear
"He called me fat, so I pushed him into the lockers then he threaten to sue me' üòÇ",fear,anger
"@soozclifford Sure have... Sydney are too tough, too quick and their 'team' pressure is too much for the Cats to handle. Motlop/Cowan #timid",fear,anger
Southend players always haunt Man U,fear,anger
Nothing worse than an uber driver that can't drive. #awful,fear,anger
"@JeffersonLake speaking of ex cobblers, saw Ricky Holmes at Charlton last week.. tracking back &amp; defending... I dread seeing Gorre on ball..",fear,fear
Dunno y am going to the Yorkshire scare grounds when I only lasted a minute in the Alton towers one before running out a fire exit crying,fear,fear
@AaliyahLove69 I would be intimidated but I would like to think I would have manned up and helped.,fear,fear
Thanks for ripping me off again #Luthansa ‚Ç¨400 not enough for a one way flight to man from Frk then ‚Ç¨30 for a bag then free at gate #awful,fear,anger
"@madhav_pastey moral of the story, never check mails in the night. PS. Most notices have nothing much to worry about. @ashwinikn",fear,fear
@AttentiAlGatto LOL! Why would it scare me? It doesn't make any sense at all but it doesn't scare me! {chuckles},fear,joy
‚ÄúWe can easily #forgive a #child who is #afraid of the #dark; the real #tragedy of #life is when #men are #afraid of the #light.‚Äù‚ÄìPlato,fear,fear
@GigaFag @pipertownsend_ snapchat new would beg to differ #optimism,joy,joy
A lifetime of laughter at the expense of the death of a bachelor,joy,joy
Chris would take full responsibility and would want us all to rejoice in the memories we all had with him.,joy,joy
@Communism_Kills i get the subway melt and make sure it's only hearty italian bread... black olives are a must though,joy,joy
"Imagine how sad LA fans are gona be when they get eliminated...Man that's gonna be Nirvana, a religious experience rejoicing in their misery",joy,joy
"Good #CX most often doesn't require all that much. #smile, #care, #relate and be #helpful. Thanks, Lakis Court Hotel in #cyprus",joy,joy
"@diehimbeertonis She developed her 'forced smile'. I can force myself to describe it 'a little hearty maybe, sanki biraz':)",joy,joy
"Our tone of voice: we're like One Direction, we're thoughtful and timid, yet playful",joy,joy
Tutoring gives me such an exhilarating feeling. I love helping people üòå,joy,joy
@harrietemmett great minds think alike. ,joy,joy
"When we give cheerfully and accept gratefully, everyone is blessed. ¬ªMaya Angelou",joy,joy
It feels good to get outside for a minute and get some fresh air.  It's hard to stay cooped up inside all day #breezy,joy,joy
"@airtelindia have some issues with my broadband bill ,I am charged for the month before I signed up with airtel.. ",joy,anger
Sioux Valley wins home competitive #cheer invite with a score of 158. ...Dell Rapids second at 138,joy,joy
@MacDsmash you should get some @SSB_Swedish delight,joy,joy
"@DocBellsSwan *peers down at you, eyes crinkling with mirth and affection* I do love ye so, my bonnie Belle.",joy,joy
Somebody who has braved the storm is brewing. ,joy,fear
Somebody who has braved the storm is brewing. #cheerful,joy,joy
"I'm absolutely in love with Laurie Hernandez, she's so adorable and is always so cheerful!",joy,joy
I love my family so much #lucky #grateful #smartassfamily #hilarious #love,joy,joy
"A pessimist is someone who, when opportunity knocks, complains about the noise #mikeshumor",sadness,joy
"Stars, when you shine,\nYou know how I feel.\nScent of the pine, \nYou know how I feel.\nFreedom is mine,\nI know how I feel.\nI'm feelin' good.",sadness,joy
"Donating to Trump puts a damper on a very exciting @Cubs season. Really bad look, Ricketts family.",sadness,anger
aaahhhh! a little @OtisRedding to soothe the soul. #music #blues,sadness,joy
Season 3 and Charlie is still a prick! #lost,sadness,anger
I can't WAIT to go to work tomorrow with a high as fuck fever. [sarcasm]\nHopefully I'll feel better tomorrow.\nBut I doubt it. #pessimism,sadness,anger
Remembering those day when u still did'nt know kpop n thinking about how sad your life was without it - Kpop fan,sadness,joy
"@Eeevah14 don't I know it, try not to fret my sweet little pupper",sadness,fear
and for inconsolable Oxford academics - 'Brussels should just ignore the #Brexit vote and tell the UK it can't leave the EU....ever....wah',sadness,anger
Buddha doesn't possess enough power to deliver you from your affliction!,sadness,anger
"@DxfyingGrxvity - frustration, looking up at Elphaba in a frown of aggravation. Her high pitched voice was growing more and more --",sadness,anger
"Before the year ends I'll probably get master 12s or flu games, true blues, and space jams.",sadness,joy
"@LeePorter94 @DomMcGovern_ hi Dom I saw u at Notts county away, looking for 1 mufc away ticket will pay ",sadness,joy
Common app just randomly logged me out as I was writing the last part of my college essay and lost all of it üò≠üò≠üò≠,sadness,sadness
I feel like an appendix. I don't have a purpose.  #depressed  #alone #lonely #broken  #cry #hurt #crying #life,sadness,sadness
@FFBren @CDCarter13 included for maximum #sadness,sadness,sadness
"We are about a little over an hour away! We will arrive soon, do not fret!",sadness,joy
watching this uni reveal is so depressing i miss stingrays :(,sadness,sadness
@AnjiDunlap droop in leggings? Are they wearing XXXL?,sadness,anger
@Barcabhoy1 Of course not. Didn't sink his studs into a knee like Forrester,sadness,anger
